,date,red wine,white wine,sparkling wine,rose wine,isPartial,region,total_wines
0,2021-10-03,45,26,13,11,False,Provence,95
1,2021-10-10,51,30,17,14,False,Provence,112
2,2021-10-17,47,29,15,13,False,Provence,104
3,2021-10-24,49,27,13,13,False,Provence,102
4,2021-10-31,49,27,12,10,False,Provence,98
5,2021-11-07,59,29,12,12,False,Provence,112
6,2021-11-14,50,25,10,9,False,Provence,94
7,2021-11-21,57,28,14,11,False,Provence,110
8,2021-11-28,57,28,13,11,False,Provence,109
9,2021-12-05,61,30,13,11,False,Provence,115
10,2021-12-12,66,31,14,12,False,Provence,123
11,2021-12-19,97,41,19,16,False,Provence,173
12,2021-12-26,63,30,13,12,False,Provence,118
13,2022-01-02,53,31,11,8,False,Provence,103
14,2022-01-09,52,29,12,10,False,Provence,103
15,2022-01-16,45,28,11,9,False,Provence,93
16,2022-01-23,48,27,13,11,False,Provence,99
17,2022-01-30,48,29,12,12,False,Provence,101
18,2022-02-06,47,29,14,12,False,Provence,102
19,2022-02-13,52,34,15,13,False,Provence,114
20,2022-02-20,44,28,14,12,False,Provence,98
21,2022-02-27,55,36,22,23,False,Provence,136
22,2022-03-06,49,32,18,17,False,Provence,116
23,2022-03-13,46,31,17,17,False,Provence,111
24,2022-03-20,44,32,16,14,False,Provence,106
25,2022-03-27,45,31,15,14,False,Provence,105
26,2022-04-03,48,31,14,13,False,Provence,106
27,2022-04-10,47,32,17,15,False,Provence,111
28,2022-04-17,46,32,16,14,False,Provence,108
29,2022-04-24,45,33,17,14,False,Provence,109
30,2022-05-01,44,32,17,13,False,Provence,106
31,2022-05-08,41,31,16,13,False,Provence,101
32,2022-05-15,46,30,19,15,False,Provence,110
33,2022-05-22,44,29,19,16,False,Provence,108
34,2022-05-29,45,32,19,14,False,Provence,110
35,2022-06-05,44,30,18,15,False,Provence,107
36,2022-06-12,41,30,19,16,False,Provence,106
37,2022-06-19,42,29,18,13,False,Provence,102
38,2022-06-26,42,35,22,13,False,Provence,112
39,2022-07-03,42,36,20,14,False,Provence,112
40,2022-07-10,47,42,27,21,False,Provence,137
41,2022-07-17,100,89,77,71,False,Provence,337
42,2022-07-24,80,73,57,52,False,Provence,262
43,2022-07-31,74,63,51,45,False,Provence,233
44,2022-08-07,56,41,31,26,False,Provence,154
45,2022-08-14,49,38,25,20,False,Provence,132
46,2022-08-21,53,37,22,25,False,Provence,137
47,2022-08-28,46,35,20,17,False,Provence,118
48,2022-09-04,45,30,16,14,False,Provence,105
49,2022-09-11,42,28,15,12,False,Provence,97
50,2022-09-18,51,28,15,13,False,Provence,107
51,2022-09-25,46,26,14,12,False,Provence,98
